,City Name,Country Code,City Data,City Latitude,City Longitude,City Temperature,City Humidity,City Cloudiness,City Wind Speed
0,Hilo,US,1663213964,19.7297,-155.09,80.33,81,100,5.01
1,Mataura,NZ,1663214157,-46.1927,168.8643,46.47,70,82,13.6
2,Itarema,BR,1663214157,-2.9248,-39.9167,77.41,85,20,15.3
3,Coahuayana Viejo,MX,1663214157,18.7333,-103.6833,76.48,96,100,3.31
4,Ixtapa,MX,1663214158,20.7,-105.2,77.38,92,100,2.64
5,Albany,US,1663213478,42.6001,-73.9662,66.61,88,7,6.26
6,Nuuk,GL,1663214158,64.1835,-51.7216,44.91,86,100,21.79
7,Norman Wells,CA,1663214159,65.282,-126.8329,50.04,76,75,6.91
8,Puerto Ayora,EC,1663214159,-0.7393,-90.3518,64.54,97,38,1.99
9,Ushuaia,AR,1663214159,-54.8,-68.3,47.86,37,20,12.66
10,Caravelas,BR,1663214160,-17.7125,-39.2481,72.5,91,12,9.04
11,Tasiilaq,GL,1663214160,65.6145,-37.6368,35.67,61,100,4.38
12,Port Hedland,AU,1663214160,-20.3167,118.5667,86.05,16,0,13.8
13,Yārāda,IN,1663214161,17.65,83.2667,86.32,79,40,10.36
14,Morondava,MG,1663214161,-20.2833,44.2833,71.08,85,15,9.17
15,Port Hardy,CA,1663214161,50.6996,-127.4199,51.98,93,20,3.44
16,Batagay,RU,1663214162,67.6333,134.6333,42.03,52,76,4.5
17,Aklavik,CA,1663214162,68.2191,-135.0107,42.31,79,100,3.53
18,Lavrentiya,RU,1663214162,65.5833,-171.0,44.85,92,95,13.02
19,Saskylakh,RU,1663214163,71.9167,114.0833,36.48,85,100,12.68
20,Hermanus,ZA,1663214163,-34.4187,19.2345,56.19,78,48,3.15
21,Jamestown,US,1663214059,42.097,-79.2353,61.72,82,100,8.05
22,Nouadhibou,MR,1663214164,20.931,-17.0347,71.58,88,100,17.27
23,Solano,US,1663214164,38.2333,-121.9511,66.52,75,87,11.43
24,Rikitea,PF,1663214164,-23.1203,-134.9692,70.83,73,10,12.15
25,Dhībān,SY,1663214165,35.0365,40.5167,77.11,42,0,8.37
26,Rajshahi,BD,1663214165,24.3667,88.6,78.28,92,99,8.37
27,Cherskiy,RU,1663214165,68.75,161.3,39.24,70,79,12.08
28,Nome,US,1663214165,64.5011,-165.4064,50.16,92,100,9.84
29,São João da Barra,BR,1663214166,-21.6403,-41.0511,68.11,93,53,8.68
30,Qaanaaq,GL,1663214166,77.484,-69.3632,29.3,64,25,8.03
31,Pevek,RU,1663214166,69.7008,170.3133,36.9,83,100,7.56
32,Henties Bay,NA,1663214167,-22.116,14.2845,55.96,94,90,3.94
33,Bisira,PA,1663214167,8.5196,-81.7115,60.39,96,100,2.26
34,Barrow,US,1663214167,71.2906,-156.7887,33.84,98,100,23.51
35,Taitung City,TW,1663214168,22.7583,121.1444,89.87,70,20,6.91
36,Port Blair,IN,1663214168,11.6667,92.75,78.84,89,75,4.61
37,Bluff,NZ,1663214168,-46.6,168.3333,46.8,71,85,30.67
38,Busselton,AU,1663214126,-33.65,115.3333,60.31,67,75,16.49
39,Vaini,TO,1663214169,-21.2,-175.2,80.76,78,40,11.5
40,Bilibino,RU,1663214169,68.0546,166.4372,37.0,77,100,4.45
41,Arraial do Cabo,BR,1663214100,-22.9661,-42.0278,68.07,93,73,8.5
42,Fare,PF,1663214170,-16.7,-151.0167,77.77,75,27,21.68
43,Panjāb,AF,1663214170,34.388,67.0233,59.07,22,0,2.01
44,Hobart,AU,1663214171,-42.8794,147.3294,60.66,55,75,9.22
45,Geraldton,AU,1663214171,-28.7667,114.6,68.41,60,75,10.36
46,Lüderitz,NA,1663214171,-26.6481,15.1594,58.98,67,3,5.73
47,Kapaa,US,1663214172,22.0752,-159.319,80.1,74,33,1.99
48,Kavieng,PG,1663214172,-2.5744,150.7967,83.37,70,23,13.4
49,Narsaq,GL,1663214172,60.9167,-46.05,47.84,63,19,5.3
50,Vila Velha,BR,1663213951,-20.3297,-40.2925,73.35,82,20,6.91
51,Salalah,OM,1663214173,17.0151,54.0924,77.65,85,94,5.64
52,Batemans Bay,AU,1663214173,-35.7167,150.1833,61.11,90,100,2.37
53,Assaré,BR,1663214174,-6.8744,-39.875,73.49,55,31,3.89
54,Luganville,VU,1663214174,-15.5333,167.1667,81.52,73,37,9.69
55,Nikolskoye,RU,1663214174,59.7035,30.7861,49.91,94,92,8.81
56,Katobu,ID,1663214175,-4.9408,122.5276,77.56,78,100,3.69
57,Atuona,PF,1663214175,-9.8,-139.0333,76.69,74,15,17.22
58,Labuhan,ID,1663214175,-6.8844,112.2051,86.59,59,26,4.83
59,Tabas,IR,1663214176,33.5959,56.9244,77.22,18,0,2.3
60,Butaritari,KI,1663214176,3.0707,172.7902,81.34,71,29,8.61
61,Tiksi,RU,1663214176,71.6872,128.8694,37.13,69,100,16.33
62,Kutum,SD,1663214177,14.2,24.6667,74.79,65,67,4.56
63,Prudentópolis,BR,1663214177,-25.2131,-50.9778,57.79,99,100,0.69
64,Saint-Philippe,RE,1663214177,-21.3585,55.7679,71.19,68,38,9.55
65,Nioro,GM,1663214178,13.35,-15.75,75.07,94,87,4.56
66,Santa Maria,BR,1663214178,-29.6842,-53.8069,56.5,82,75,4.61
67,Rāwah,IQ,1663214178,34.4816,41.9093,78.35,43,0,10.54
68,College,US,1663214179,64.8569,-147.8028,48.15,95,100,6.91
69,Timizart,DZ,1663214179,36.8,4.2667,71.8,83,100,5.03
70,Māngrol,IN,1663214179,21.1167,70.1167,79.95,86,100,10.09
71,Warri,NG,1663214180,5.5167,5.75,74.23,95,100,3.18
72,Kavaratti,IN,1663214180,10.5669,72.642,80.69,76,98,11.12
73,Semey,KZ,1663214181,50.4111,80.2275,53.82,37,0,11.18
74,Bethel,US,1663214145,41.3712,-73.414,68.76,83,0,4.5
75,Galle,LK,1663214181,6.0367,80.217,81.81,74,25,9.06
76,Mar del Plata,AR,1663214132,-38.0023,-57.5575,53.1,98,100,8.99
77,Fernández,AR,1663214182,-27.9204,-63.8935,56.68,37,0,8.9
78,Luwuk,ID,1663214182,-0.9516,122.7875,83.39,72,80,7.36
79,Omboué,GA,1663214182,-1.5746,9.2618,75.31,86,98,6.22
80,Flinders,AU,1663214183,-34.5833,150.8552,63.37,72,100,6.35
81,Pueblo Nuevo,MX,1663214183,23.3833,-105.3833,57.11,89,96,5.3
82,Sibolga,ID,1663214183,1.7427,98.7792,85.89,61,84,4.56
83,Hīt,IQ,1663214184,33.6416,42.8251,82.42,33,0,8.97
84,Adrar,MR,1663214184,20.5022,-10.0711,90.61,22,19,13.42
85,Chokurdakh,RU,1663214185,70.6333,147.9167,44.96,51,100,4.41
86,Kumul,CN,1663214185,42.8,93.45,80.29,14,0,11.39
87,Avarua,CK,1663214185,-21.2078,-159.775,77.05,65,20,14.97
88,Bredasdorp,ZA,1663214186,-34.5322,20.0403,51.58,91,38,3.51
89,Lata,PT,1663214186,40.1629,-8.3327,65.91,98,93,3.8
90,Waingapu,ID,1663214186,-9.6567,120.2641,87.62,56,17,15.88
91,Punta Arenas,CL,1663214001,-53.15,-70.9167,42.91,65,0,16.11
92,San Cristobal,VE,1663214163,7.7669,-72.225,71.78,95,39,1.92
93,Coromandel,BR,1663214187,-18.4733,-47.2003,73.71,38,58,3.38
94,Batticaloa,LK,1663214187,7.7102,81.6924,82.94,71,7,4.36
95,Souillac,MU,1663214188,-20.5167,57.5167,70.18,73,40,10.36
96,Nsukka,NG,1663214188,6.8561,7.3927,68.29,99,98,3.8
97,Newport,GB,1663214029,51.5877,-2.9984,58.82,78,69,4.74
98,Ostrovnoy,RU,1663214189,68.0531,39.5131,46.78,81,90,7.38
99,Mwinilunga,ZM,1663214189,-11.7358,24.4293,60.69,52,93,8.28
100,Iwanai,JP,1663214189,42.9744,140.5089,71.35,51,100,5.21
101,Bubaque,GW,1663214190,11.2833,-15.8333,77.92,87,100,11.79
102,Lorengau,PG,1663214190,-2.0226,147.2712,83.23,73,22,11.52
103,Thompson,CA,1663213895,55.7435,-97.8558,50.16,81,100,2.3
104,Azle,US,1663214190,32.8951,-97.5459,77.94,57,80,5.99
105,San Vicente,AR,1663214191,-26.6167,-54.1333,51.17,89,96,3.94
106,Tartagal,AR,1663214191,-22.5164,-63.8013,56.03,36,0,4.27
107,Saldanha,ZA,1663214191,-33.0117,17.9442,48.25,91,9,9.95
108,Mildura,AU,1663214173,-34.2,142.15,69.08,51,0,15.48
109,Coari,BR,1663214192,-4.085,-63.1414,79.75,64,100,2.35
110,Bengkulu,ID,1663214192,-3.8004,102.2655,83.26,65,53,4.97
111,Trofors,NO,1663214193,65.5333,13.4063,48.07,93,100,4.45
112,Jatiroto,ID,1663214193,-7.8833,111.1167,84.87,59,69,9.31
113,‘Ewa Beach,US,1663213955,21.3156,-158.0072,85.98,56,75,12.66
114,Dunedin,NZ,1663214026,-45.8742,170.5036,55.8,46,67,8.99
115,Mathbaria,BD,1663214194,22.2876,89.9593,75.0,95,100,7.61
116,Ancud,CL,1663214194,-41.8697,-73.8203,53.22,93,100,22.37
117,Mehrān,IR,1663214194,33.1222,46.1646,87.84,19,0,6.64
118,Saint Anthony,US,1663213917,45.0205,-93.218,69.73,75,0,14.97
119,Saint-Pierre,RE,1663214106,-21.3393,55.4781,71.28,53,0,3.44
120,Novominskaya,RU,1663214195,46.3163,38.9586,59.52,81,99,7.9
121,Sieradz,PL,1663214195,51.5958,18.7302,56.68,97,100,4.25
122,Severo-Kuril'sk,RU,1663214196,50.6789,156.125,52.93,69,5,12.59
123,Praia,CV,1663214196,14.9215,-23.5087,79.34,89,20,6.91
124,Cabo San Lucas,MX,1663214196,22.8909,-109.9124,83.05,83,8,7.58
125,Verāval,IN,1663214197,20.9,70.3667,80.38,88,100,11.48
126,Brasília de Minas,BR,1663214197,-16.2064,-44.4333,74.59,26,2,5.35
127,Turbiv,UA,1663214197,49.3479,28.7212,56.3,93,100,5.91
128,Port Alfred,ZA,1663214198,-33.5906,26.891,64.92,62,9,13.47
129,Polunochnoye,RU,1663214198,60.8697,60.4153,45.41,74,98,5.73
130,Sitka,US,1663214198,57.0531,-135.33,53.31,93,100,4.79
131,Carnduff,CA,1663214199,49.1667,-101.8009,53.38,80,100,18.5
132,Faya,SA,1663214199,18.3851,42.4509,63.12,55,22,2.75
133,Iquitos,PE,1663214200,-3.7481,-73.2472,77.04,88,0,0.0
134,New Norfolk,AU,1663214200,-42.7826,147.0587,60.3,93,100,0.2
135,Soria,ES,1663214200,41.6667,-2.6667,58.1,100,70,2.75
136,Dickinson,US,1663214201,29.4608,-95.0513,82.94,79,0,9.69
137,Muravlenko,RU,1663214201,63.7898,74.523,47.73,75,100,12.75
138,Darnah,LY,1663214201,32.767,22.6367,73.26,66,0,7.63
139,Bagdarin,RU,1663214202,54.4333,113.6,47.26,72,100,1.14
140,Hithadhoo,MV,1663214202,-0.6,73.0833,81.32,70,65,4.94
141,Rio Grande,BR,1663214202,-32.035,-52.0986,50.95,95,1,9.24
142,La Palma,US,1663214203,33.8464,-118.0467,74.71,80,75,4.61
143,Castro,BR,1663214203,-24.7911,-50.0119,54.43,97,99,3.51
144,Viedma,AR,1663214203,-40.8135,-62.9967,57.34,35,100,12.01
145,Gimli,CA,1663214204,50.6336,-96.9907,60.82,59,100,14.97
146,Leh,IN,1663214204,34.1667,77.5833,57.4,44,28,4.45
147,Kamenka,RU,1663214205,51.3223,42.7678,51.3,91,98,9.35
148,Clyde River,CA,1663214151,70.4692,-68.5914,37.63,93,100,3.44
149,Saint George,US,1663214205,37.1041,-113.5841,74.62,61,15,7.0
150,Gobabis,NA,1663214205,-22.45,18.9667,60.91,38,50,17.36
151,Hamilton,US,1663213603,39.1834,-84.5333,66.42,92,0,0.0
152,Beringovskiy,RU,1663214206,63.05,179.3167,44.55,95,100,20.04
153,Anadyr,RU,1663214206,64.75,177.4833,43.3,93,75,13.42
154,Kahului,US,1663214206,20.8947,-156.47,83.97,74,26,4.0
155,Camacha,PT,1663214207,33.0833,-16.3333,69.22,78,20,10.36
156,Billings Metropolitan Area,US,1663214104,45.7833,-108.5007,63.16,64,67,3.0
157,Wau,SS,1663214207,7.7029,27.9953,69.04,98,97,3.24
158,Nola,IT,1663214208,40.922,14.5329,75.92,47,98,1.63
159,Tuktoyaktuk,CA,1663214208,69.4541,-133.0374,41.0,70,40,16.11
160,Malbork,PL,1663214208,54.0359,19.0266,54.88,73,98,11.43
161,Marabu,MY,1663214209,4.4148,114.0089,82.54,78,20,3.44
162,Ambulu,ID,1663214209,-8.345,113.6058,83.8,67,79,10.4
163,Bauchi,NG,1663214210,10.5,10.0,69.69,94,21,3.65
164,Fuzhou,CN,1663214210,26.0614,119.3061,93.09,40,10,2.19
165,Faanui,PF,1663214210,-16.4833,-151.75,77.86,75,13,20.76
166,Chui,UY,1663214211,-33.6971,-53.4616,50.11,95,1,5.55
167,Mucuri,BR,1663214211,-18.0864,-39.5508,71.37,93,6,7.02
168,Kenai,US,1663214211,60.5544,-151.2583,53.1,91,16,7.67
169,Dudinka,RU,1663214212,69.4058,86.1778,42.62,83,100,13.38
170,Cape Town,ZA,1663214212,-33.9258,18.4232,61.92,81,0,9.22
171,Ponta do Sol,PT,1663214212,32.6667,-17.1,72.23,82,0,2.75
172,Iqaluit,CA,1663214213,63.7506,-68.5145,38.93,86,75,5.75
173,Weinan,CN,1663214213,34.5036,109.5089,77.95,51,87,3.15
174,Cervo,ES,1663214213,43.6702,-7.4101,65.64,86,18,4.18
175,Alofi,NU,1663214214,-19.0595,-169.9187,80.49,65,75,11.5
176,Torbay,CA,1663214214,47.6666,-52.7314,54.57,95,100,5.75
177,Berasia,IN,1663214214,23.6333,77.4333,77.45,94,100,13.27
178,Longyearbyen,SJ,1663214215,78.2186,15.6401,31.84,86,75,3.44
179,Santa Flavia,IT,1663214215,38.085,13.5351,80.38,40,24,14.0
180,Yellowknife,CA,1663214072,62.456,-114.3525,50.56,76,40,8.05
181,Sanger,US,1663213993,36.708,-119.556,75.0,49,0,1.01
182,Mossamedes,AO,1663214215,-15.1961,12.1522,64.98,92,76,4.41
183,Biak,ID,1663214216,-0.9131,122.8766,80.65,72,80,7.76
184,Inuvik,CA,1663214117,68.3499,-133.7218,45.46,61,75,10.36
185,Klaksvík,FO,1663214216,62.2266,-6.589,47.32,75,84,17.65
186,Carupano,VE,1663214217,10.6678,-63.2585,78.22,87,95,6.11
187,Kaitangata,NZ,1663214217,-46.2817,169.8464,50.36,64,91,18.92
188,Mayo,US,1663214217,38.8876,-76.5119,70.11,92,0,7.23
189,Nantucket,US,1663214218,41.2835,-70.0995,69.01,75,58,15.9
190,Dera Bugti,PK,1663214218,29.0307,69.151,90.32,38,0,3.56
191,Los Llanos de Aridane,ES,1663214218,28.6585,-17.9182,69.55,92,0,10.36
192,Prieska,ZA,1663214219,-29.6641,22.7474,62.38,50,0,9.22
193,Bridlington,GB,1663214219,54.0831,-0.1919,54.9,69,94,16.87
194,São Filipe,CV,1663214219,14.8961,-24.4956,78.6,84,91,2.39
195,Lagoa,PT,1663214220,39.05,-27.9833,74.25,79,100,20.58
196,Flin Flon,CA,1663214087,54.7682,-101.865,43.79,95,22,5.48
197,Ahipara,NZ,1663214220,-35.1667,173.1667,56.41,49,6,7.72
198,Rome,US,1663214221,43.2128,-75.4557,59.72,80,46,11.01
199,Port Elizabeth,ZA,1663214221,-33.918,25.5701,62.89,72,0,17.27
200,Vestmannaeyjar,IS,1663214221,63.4427,-20.2734,46.44,72,2,8.32
201,Sorong,ID,1663214222,-0.8833,131.25,83.26,69,69,4.43
202,Poum,NC,1663214222,-20.2333,164.0167,73.54,73,17,17.85
203,Mahébourg,MU,1663214222,-20.4081,57.7,73.26,73,40,10.36
204,The Valley,AI,1663214223,18.217,-63.0578,84.09,75,5,20.4
205,Ribeira Grande,PT,1663214223,38.5167,-28.7,74.88,83,100,23.91
206,Bambous Virieux,MU,1663214223,-20.3428,57.7575,73.22,73,40,10.36
207,Arapongas,BR,1663214224,-23.4194,-51.4244,59.67,97,100,2.13
208,Okhotsk,RU,1663214224,59.3833,143.3,52.9,55,87,7.18
209,Leningradskiy,RU,1663214224,69.3833,178.4167,35.4,99,100,5.01
210,Samarai,PG,1663214225,-10.6167,150.6667,82.53,76,22,11.65
211,Charters Towers,AU,1663214225,-20.1,146.2667,84.22,30,5,11.03
212,Antofagasta,CL,1663214226,-23.65,-70.4,56.48,73,18,1.95
213,Warrnambool,AU,1663214226,-38.3833,142.4833,61.47,59,6,9.01
214,Edd,ER,1663214226,13.9297,41.6925,90.81,56,65,3.65
215,Rosarito,MX,1663214227,32.3333,-117.0333,68.25,76,0,6.4
216,Pangnirtung,CA,1663214227,66.1451,-65.7125,39.43,100,100,4.43
217,Killybegs,IE,1663214227,54.6333,-8.45,54.95,72,100,11.88
218,Kulhudhuffushi,MV,1663214228,6.6221,73.07,80.38,74,39,5.28
219,Coutances,FR,1663214228,49.05,-1.4333,55.13,95,48,4.85
220,Yar-Sale,RU,1663214229,66.8333,70.8333,50.52,73,95,18.77
221,Cordon,PH,1663214229,16.6744,121.4658,89.19,57,4,1.92
222,Alamosa,US,1663213810,37.4695,-105.87,53.58,62,0,4.61
223,Senno,RU,1663214229,59.5336,33.9167,50.27,88,100,6.38
224,Half Moon Bay,US,1663214230,37.4636,-122.4286,66.54,86,100,11.5
225,Porkhov,RU,1663214230,57.765,29.5561,49.86,98,82,6.11
226,Shishou,CN,1663214230,29.7226,112.419,89.02,29,7,9.08
227,Hasaki,JP,1663214231,35.7333,140.8333,77.4,61,91,10.47
228,Mabaruma,GY,1663214231,8.2,-59.7833,74.19,97,9,2.28
229,Sechura,PE,1663214232,-5.5569,-80.8222,62.8,83,58,9.06
230,Kapit,MY,1663214224,2.0167,112.9333,81.79,73,97,3.09
231,Baculin,PH,1663214232,7.4525,126.5842,86.36,69,99,9.62
232,Khatanga,RU,1663214233,71.9667,102.5,35.91,85,100,12.88
233,Nanortalik,GL,1663214233,60.1432,-45.2371,46.56,78,40,4.16
234,Touros,BR,1663214233,-5.1989,-35.4608,76.28,78,14,14.32
235,Tessalit,ML,1663214234,20.1986,1.0114,91.85,22,98,5.23
236,Hong Kong,HK,1663213942,22.2855,114.1577,94.96,49,14,5.99
237,Panzhihua,CN,1663214234,26.5851,101.7128,71.83,91,100,3.74
238,Bathsheba,BB,1663214235,13.2167,-59.5167,79.41,83,20,5.75
239,Kiryat Gat,IL,1663214042,31.61,34.7642,74.08,100,0,2.95
240,Fort Nelson,CA,1663214235,58.8053,-122.7002,58.59,63,75,0.0
241,Bosaso,SO,1663214236,11.2842,49.1816,89.71,48,97,11.48
242,Tegul'det,RU,1663214236,57.3064,88.1667,51.31,56,27,1.66
243,Lyuban',BY,1663214236,52.7985,28.0048,47.57,92,96,4.09
244,Goderich,CA,1663214237,43.7501,-81.7165,55.9,93,26,4.61
245,Richards Bay,ZA,1663214237,-28.783,32.0377,64.0,76,0,13.67
246,Lebu,CL,1663214237,-37.6167,-73.65,50.14,85,100,5.7
247,Buala,SB,1663214238,-8.145,159.5921,84.13,71,28,7.54
248,Pangody,RU,1663214238,65.85,74.4859,46.24,82,100,14.09
249,Calatayud,ES,1663214082,41.3535,-1.6432,63.77,68,65,4.99
250,Upernavik,GL,1663214239,72.7868,-56.1549,39.83,93,100,8.12
251,Cayenne,GF,1663214239,4.9333,-52.3333,77.04,88,0,0.0
252,Lopatyn,UA,1663214239,50.2202,24.8483,57.11,95,100,6.53
253,San Miguel de Cozumel,MX,1663214240,20.5083,-86.9458,82.99,81,90,5.99
254,Adré,TD,1663214240,13.4667,22.2,75.69,78,87,7.02
255,Englewood,US,1663214172,39.6478,-104.9878,64.11,76,88,4.9
256,Sur,OM,1663214240,22.5667,59.5289,89.37,51,15,7.87
257,Kitovo,RU,1663214241,56.8659,41.2825,49.5,92,100,5.41
258,Barra Patuca,HN,1663214241,15.8,-84.2833,81.16,79,84,10.42
259,Belyy Yar,RU,1663214241,53.6039,91.3903,49.89,81,75,4.47
260,Nortelândia,BR,1663214242,-14.4547,-56.8028,77.5,52,61,10.22
261,Airai,TL,1663214242,-8.9266,125.4092,79.66,35,23,5.46
262,Ushtobe,KZ,1663214242,45.2514,77.9838,55.76,32,1,24.27
263,George Town,MY,1663214243,5.4112,100.3354,76.93,100,40,3.44
264,Statesville,US,1663214064,35.7826,-80.8873,63.7,63,0,0.0
265,Madang,PG,1663214243,-5.2246,145.7966,86.36,65,43,9.42
266,Alta Floresta,BR,1663214179,-9.8756,-56.0861,81.36,42,91,0.83
267,Pringsewu,ID,1663214244,-5.3582,104.9744,88.12,51,34,3.04
268,Kimbe,PG,1663214244,-5.5502,150.1429,86.5,63,76,3.96
269,San Policarpo,PH,1663214244,12.1791,125.5072,89.76,58,89,1.23
270,Najrān,SA,1663213977,17.4924,44.1277,72.25,14,9,4.52
271,Kirakira,SB,1663214245,-10.4544,161.9205,83.75,72,69,8.28
272,Tura,IN,1663214092,25.5198,90.2201,73.24,98,99,5.59
273,Codrington,AU,1663214245,-38.2667,141.9667,61.66,58,0,14.74
274,Tateyama,JP,1663214246,34.9833,139.8667,75.78,66,98,11.72
275,Coquimbo,CL,1663213996,-29.9533,-71.3436,55.13,87,0,2.3
276,Talnakh,RU,1663214246,69.4865,88.3972,42.21,89,100,6.98
277,Fortuna,US,1663214247,40.5982,-124.1573,58.35,86,87,3.09
278,Ponta Delgada,PT,1663214247,37.7333,-25.6667,77.5,100,75,9.22
279,Deputatsky,RU,1663214247,69.3,139.9,32.59,92,100,4.41
280,Maralal,KE,1663214248,1.0968,36.698,56.46,80,60,3.47
281,Soroti,UG,1663214248,1.7146,33.6111,64.89,88,83,1.43
282,Celestún,MX,1663214248,20.8667,-90.4,78.22,88,100,11.48
283,Mumford,GH,1663214249,5.2618,-0.759,74.3,93,87,8.14
284,Constitución,CL,1663214249,-35.3333,-72.4167,51.57,78,54,7.54
285,Manado,ID,1663214249,1.487,124.8455,88.57,66,75,4.61
286,Te Anau,NZ,1663214250,-45.4167,167.7167,47.41,71,95,7.52
287,San Rafael,AR,1663214250,-34.6177,-68.3301,58.78,21,29,8.23
288,Pochutla,MX,1663214250,15.7432,-96.4661,76.82,92,100,3.98
289,Esperance,AU,1663214251,-33.8667,121.9,57.04,75,51,25.84
290,Xam Nua,LA,1663214251,20.4197,104.0439,77.31,84,19,1.72
291,Andenes,NO,1663214251,69.3143,16.1194,48.18,76,0,14.97
292,Ranot,TH,1663214252,7.7777,100.3213,86.29,61,79,12.33
293,Lubumbashi,CD,1663214114,-11.6609,27.4794,58.44,64,84,4.45
294,Chistogorskiy,RU,1663214252,53.9835,87.3843,50.11,62,99,3.49
295,Ballitoville,ZA,1663214252,-29.539,31.2144,65.17,88,0,2.3
296,Gwadar,PK,1663214253,25.1216,62.3254,81.66,82,0,9.53
297,Khandyga,RU,1663214253,62.6667,135.6,43.81,67,100,3.53
298,Taungdwingyi,MM,1663214253,20.0167,95.55,84.16,69,50,8.77
299,Pitimbu,BR,1663214254,-7.4706,-34.8086,75.79,77,75,9.86
300,Mount Isa,AU,1663214011,-20.7333,139.5,98.37,12,9,11.5
301,Belmonte,BR,1663214254,-15.8631,-38.8828,72.03,90,9,7.99
302,Campbell River,CA,1663214255,50.0163,-125.2446,63.93,88,75,3.44
303,Slavutych,UA,1663214255,51.5196,30.7343,51.31,95,98,4.92
304,Bolshaya Martynovka,RU,1663214255,47.271,41.6679,59.9,74,70,11.88
305,Noumea,NC,1663214256,-22.2763,166.4572,75.18,70,62,9.08
306,Quatre Cocos,MU,1663214256,-20.2078,57.7625,73.09,69,39,15.14
307,Quang Ngai,VN,1663214035,15.1167,108.8,87.8,66,71,4.43
308,Cairns,AU,1663214115,-16.9167,145.7667,87.06,61,21,11.5
309,Berlevåg,NO,1663214257,70.8578,29.0864,44.6,70,100,18.41
310,Srednekolymsk,RU,1663214257,67.45,153.6833,46.15,44,45,9.98
311,Sungai Penuh,ID,1663214257,-2.0833,101.3833,79.97,50,57,2.21
312,East London,ZA,1663214257,-33.0153,27.9116,69.13,45,0,6.2
313,La Ronge,CA,1663214258,55.1001,-105.2842,55.65,71,0,4.61
314,Sumbe,AO,1663214258,-11.2061,13.8437,69.91,91,98,5.61
315,Porosozero,RU,1663214259,62.7191,32.727,47.88,98,100,7.63
316,Kungurtug,RU,1663214259,50.5994,97.5228,56.05,46,53,2.44
317,Raudeberg,NO,1663214259,61.9875,5.1352,47.86,5,100,28.45
318,Poso,ID,1663214260,-1.3959,120.7524,86.07,62,72,5.84
319,Rūdbār,AF,1663214260,30.15,62.6,84.79,11,0,4.88
320,Gushikawa,JP,1663214260,26.3544,127.8686,87.03,79,98,12.93
321,Bambanglipuro,ID,1663214261,-7.95,110.2833,82.42,70,100,16.73
322,Tāybād,IR,1663214261,34.74,60.7756,79.36,12,0,2.08
323,Georgiyevka,KZ,1663214261,43.0369,74.7114,59.04,41,0,8.95
324,Kamariótissa,GR,1663214262,40.4833,25.4667,73.65,63,39,6.26
325,Kampot,KH,1663214262,10.6167,104.1833,82.45,79,95,9.55
326,Dhidhdhoo,MV,1663214263,6.8833,73.1,80.46,74,27,5.66
327,Provideniya,RU,1663214186,64.3833,-173.3,46.51,100,100,8.99
328,Misratah,LY,1663214263,32.3754,15.0925,77.52,68,0,8.66
329,Guerrero Negro,MX,1663214263,27.9769,-114.0611,72.18,84,0,17.07
330,Fairbanks,US,1663214110,64.8378,-147.7164,48.16,95,100,6.91
331,Verkhnyaya Inta,RU,1663214264,65.9811,60.3094,49.69,75,72,13.73
332,Comodoro Rivadavia,AR,1663214264,-45.8667,-67.5,53.46,58,0,6.91
333,Narragansett,US,1663214264,41.4501,-71.4495,69.82,74,26,3.0
334,Sakakah,SA,1663214265,29.9697,40.2064,76.57,31,0,6.53
335,Lakselv,NO,1663214265,70.0513,24.9718,42.62,81,100,10.36
336,Bryan,US,1663214265,30.6744,-96.37,73.08,58,0,3.44
337,Serenje,ZM,1663214266,-13.2325,30.2352,54.5,70,49,7.25
338,Nuquí,CO,1663214266,5.7125,-77.2708,77.25,80,100,3.42
339,Bodden Town,KY,1663214266,19.2833,-81.25,82.99,77,20,5.01
340,Mīzan Teferī,ET,1663214267,6.9833,35.5833,61.75,93,100,2.53
341,Rawson,AR,1663214182,-43.3002,-65.1023,63.28,44,88,12.37
342,Nuevitas,CU,1663214267,21.5453,-77.2644,76.21,84,27,1.88
343,Venice,US,1663214268,27.0998,-82.4543,77.02,96,0,8.05
344,Road Town,VG,1663214245,18.4167,-64.6167,83.52,73,27,18.59
345,Carnarvon,AU,1663214268,-24.8667,113.6333,67.41,46,100,19.73
346,Tshane,BW,1663214268,-24.0196,21.8684,56.01,72,0,13.85
347,Kununurra,AU,1663214269,-15.7667,128.7333,100.38,23,13,4.61
348,Karatau,KZ,1663214269,43.1667,70.4667,57.87,29,0,8.34
349,Ust-Nera,RU,1663214269,64.5667,143.2,43.88,63,99,3.98
350,Ljungby,SE,1663214270,56.8332,13.9408,50.41,93,15,9.44
351,Peniche,PT,1663214270,39.3558,-9.3811,70.11,95,6,5.99
352,Danilov,RU,1663214270,58.1908,40.1717,48.7,98,100,4.76
353,Shimokizukuri,JP,1663214271,40.8061,140.3861,73.94,70,86,5.06
354,Gouré,NE,1663214271,13.9835,10.2704,81.01,52,29,4.43
355,Ajmer,IN,1663214271,26.45,74.6333,80.15,77,89,7.56
356,Āsosa,ET,1663214272,10.0667,34.5333,59.38,95,100,4.45
357,Alice Springs,AU,1663214272,-23.7,133.8833,80.15,22,0,9.22
358,Gilgit,PK,1663214272,35.9221,74.3087,76.23,46,3,1.68
359,Yulara,AU,1663214273,-25.2406,130.9889,75.52,13,2,11.95
360,Gigmoto,PH,1663214273,13.7796,124.39,87.73,67,87,9.33
361,Bordány,HU,1663214274,46.3184,19.9231,71.06,63,100,10.07
362,Meulaboh,ID,1663214274,4.1363,96.1285,85.12,63,32,4.21
363,Punta Gorda,US,1663214095,26.9298,-82.0454,77.99,93,20,8.01
364,Muscat,OM,1663214043,23.6139,58.5922,91.83,49,2,2.73
365,Dourbali,TD,1663214275,11.8091,15.8632,76.82,79,77,7.54
366,Tombouctou,ML,1663214275,20.0,-3.0,93.97,23,90,4.12
367,Mapastepec,MX,1663214275,15.4333,-92.9,76.26,96,100,7.11
368,Shingū,JP,1663214275,33.7333,135.9833,80.38,70,97,11.99
369,Tuatapere,NZ,1663214276,-46.1333,167.6833,47.62,75,93,15.55
370,Plettenberg Bay,ZA,1663214276,-34.0527,23.3716,59.47,58,75,5.28
371,Udachny,RU,1663214276,66.4167,112.4,43.45,52,32,10.25
372,Walvis Bay,NA,1663214277,-22.9575,14.5053,53.1,100,0,1.14
373,Asău,RO,1663214277,46.4333,26.4,60.28,68,75,9.44
374,Sakaraha,MG,1663214277,-22.9,44.5333,64.89,61,0,6.26
375,Handan,CN,1663214278,36.6006,114.4678,80.35,55,81,11.95
376,Porbandar,IN,1663214278,21.6422,69.6093,80.58,94,75,6.91
377,Ilulissat,GL,1663214278,69.2167,-51.1,38.21,99,100,3.98
378,Key West,US,1663214276,24.5557,-81.7826,86.0,70,20,3.44
379,Saint Paul Harbor,US,1663214279,57.79,-152.4072,51.44,78,56,2.06
380,Aripuanã,BR,1663214279,-9.1667,-60.6333,80.04,56,53,1.9
381,Nemuro,JP,1663214280,43.3236,145.575,63.5,48,100,4.23
382,Menongue,AO,1663214280,-14.6585,17.691,63.32,31,13,9.35
383,Amapá,BR,1663214280,1.0,-52.0,70.11,95,6,1.99
384,Calnali,MX,1663214281,20.9167,-98.5833,59.9,90,15,4.38
385,Kandi,BJ,1663214281,11.1342,2.9386,73.71,95,98,4.68
386,Río Gallegos,AR,1663214281,-51.6226,-69.2181,41.05,48,0,9.22
387,San Lorenzo,PY,1663214282,-25.3333,-57.5333,61.59,63,0,9.22
388,Hobyo,SO,1663214282,5.3505,48.5268,77.77,82,80,20.31
389,Kerman,IR,1663214282,30.2832,57.0788,58.86,29,0,4.61
390,Liverpool,GB,1663214283,53.4106,-2.9779,58.95,72,100,11.5
391,Grindavik,IS,1663214283,63.8424,-22.4338,41.47,87,0,11.5
392,Bang Khla,TH,1663214283,13.7214,101.2081,88.95,100,95,7.31
393,Cockburn Town,TC,1663214008,21.4612,-71.1419,83.86,70,100,20.07
394,Laas,IT,1663214284,46.6166,10.7002,56.35,93,84,2.42
395,Havelock,US,1663214284,34.8791,-76.9013,73.94,89,93,4.65
396,Tautira,PF,1663214285,-17.7333,-149.15,76.42,77,43,24.16
397,Luanda,AO,1663214098,-8.8368,13.2343,71.4,88,95,7.99
398,Usinsk,RU,1663214285,65.9939,57.5281,45.64,82,57,13.31
399,Dikson,RU,1663214286,73.5069,80.5464,35.71,98,100,21.18
400,Benoni,ZA,1663214286,-26.1885,28.3208,50.22,94,2,1.01
401,Zakamensk,RU,1663214286,50.3741,103.2863,52.38,68,92,1.97
402,Worth,US,1663214287,41.6898,-87.7973,65.46,91,8,4.0
403,Rundu,NA,1663214287,-17.9333,19.7667,59.52,39,6,6.04
404,Port Keats,AU,1663214287,-14.25,129.55,86.95,59,8,12.46
405,Kieta,PG,1663214288,-6.2167,155.6333,80.29,82,93,5.03
406,Vysokogornyy,RU,1663214288,50.1167,139.15,61.81,51,38,8.48
407,Surab,PK,1663214289,28.4914,66.2585,73.83,12,0,4.0
408,Khovd,MN,1663214289,48.0056,91.6419,57.51,32,57,5.7
409,Kruisfontein,ZA,1663214289,-34.0033,24.7314,57.87,48,45,7.85
410,Cidreira,BR,1663214290,-30.1811,-50.2056,57.88,93,31,2.57
411,Wajima,JP,1663214022,37.4,136.9,79.48,83,75,3.44
412,Baykit,RU,1663214290,61.67,96.37,45.97,79,100,3.58
413,Champerico,GT,1663214291,14.3,-91.9167,78.48,85,100,8.12
414,Savannakhet,LA,1663214291,16.566,104.751,84.22,79,75,2.3
415,Dakar,SN,1663214024,14.6937,-17.4441,80.73,89,40,6.91
416,Valparaíso,CL,1663214291,-33.0393,-71.6273,57.0,100,23,9.48
417,Luena,AO,1663214292,-11.7833,19.9167,56.44,42,98,2.91
418,Sola,VU,1663214292,-13.8833,167.55,84.87,74,40,6.91
419,Katsuura,JP,1663214292,35.1333,140.3,74.57,66,94,13.22
420,Prado,BR,1663214293,-17.3411,-39.2208,71.33,94,15,9.75
421,Takoradze,GH,1663214293,4.8845,-1.7554,73.69,93,100,6.24
422,Tsukuba,JP,1663214293,36.2,140.1,82.85,47,76,4.76
423,Waipawa,NZ,1663214294,-41.4122,175.5153,50.5,57,22,3.94
424,Currais Novos,BR,1663214294,-6.2608,-36.5178,69.44,88,5,12.57
425,Okha,RU,1663214295,53.5739,142.9478,50.56,57,38,26.22
426,Thouars,FR,1663214295,46.976,-0.2151,65.52,97,67,5.14
427,Calvinia,ZA,1663214295,-31.4707,19.776,55.56,20,50,1.79
428,Egvekinot,RU,1663214296,66.3167,-179.1667,35.1,95,100,13.73
429,Nador,MA,1663214296,35.174,-2.9287,71.85,78,0,8.05
430,Tanabe,JP,1663214296,33.7333,135.3667,87.01,62,40,5.75
431,Ballina,AU,1663214181,-28.8667,153.5667,67.78,82,100,13.06
432,Palmer,US,1663214297,42.1584,-72.3287,64.56,82,0,3.47
433,Kiunga,PG,1663214259,-6.1219,141.2906,91.99,49,68,3.69
434,Natitingou,BJ,1663214297,10.3042,1.3796,71.53,94,98,1.61
435,Olafsvik,IS,1663214298,64.8945,-23.7142,45.28,72,1,3.69
436,Kamennogorsk,RU,1663214298,60.9545,29.1339,50.56,94,96,8.21
437,Beloha,MG,1663214299,-25.1667,45.05,65.41,80,0,12.37
438,Thaba-Tseka,LS,1663214299,-29.522,28.6084,43.79,71,1,3.8
439,Diego de Almagro,CL,1663214299,-26.3667,-70.05,55.78,19,0,2.91
440,Gävle,SE,1663214300,60.6745,17.1417,48.38,97,100,1.01
441,Tagusao,PH,1663214300,9.1924,117.8141,81.75,78,100,12.26
442,Hualmay,PE,1663214300,-11.0964,-77.6139,60.49,83,78,8.95
443,Chimoré,BO,1663214301,-16.9833,-65.1333,58.53,99,100,1.23
444,Gōtsuchō,JP,1663214301,35.0,132.2167,84.07,71,57,8.77
445,Hirara,JP,1663214301,24.8,125.2833,85.86,84,75,13.8
446,Whitehorse,CA,1663214302,60.7161,-135.0538,52.57,57,100,10.36
447,Athabasca,CA,1663214062,54.7169,-113.2854,52.18,44,0,4.88
448,San Patricio,US,1663214302,28.017,-97.5169,83.84,74,0,6.69
449,Sistranda,NO,1663214158,63.7256,8.834,48.16,82,90,24.61
450,Pisco,PE,1663214097,-13.7,-76.2167,59.05,82,75,4.61
451,San Ramon,US,1663214137,37.7799,-121.978,64.96,82,40,11.5
452,Oyama,JP,1663214303,36.3,139.8,82.58,47,86,1.72
453,Lázaro Cárdenas,MX,1663214303,17.9583,-102.2,78.8,89,100,4.99
454,Luangwa,ZM,1663214304,-15.6167,30.4167,68.32,67,95,7.52
455,Sangar,RU,1663214304,63.9242,127.4739,44.65,78,92,8.28
456,Nago,JP,1663214304,26.5881,127.9761,87.46,81,90,12.39
457,São José da Coroa Grande,BR,1663214305,-8.8978,-35.1478,74.59,81,85,7.85
458,Muros,ES,1663214305,42.7762,-9.0603,67.08,89,98,6.22
459,Bakchar,RU,1663214306,57.0186,82.0711,51.57,60,95,1.88
460,Shangrao,CN,1663214306,28.4532,117.9686,85.23,47,46,9.08
461,Ambad,IN,1663214306,19.6167,75.8,77.76,76,100,16.2
462,Montevideo,UY,1663214120,-34.8335,-56.1674,52.52,85,75,5.99
463,Rapid Valley,US,1663214307,44.0625,-103.1463,71.73,50,97,13.0
464,Bud,US,1663214307,39.447,-86.1758,64.9,95,0,3.27
465,Khudumelapye,BW,1663214307,-23.8833,24.75,51.01,87,0,9.01
466,Akdepe,TM,1663214308,42.0551,59.3788,62.69,17,0,7.65
467,Naze,JP,1663214308,28.3667,129.4833,86.92,78,18,16.91
468,Arauca,CO,1663214309,7.0847,-70.7591,78.8,94,13,2.3
469,Along,IN,1663214309,28.1667,94.7667,81.07,82,80,0.4
470,Honningsvåg,NO,1663214309,70.9821,25.9704,44.35,70,75,16.11
471,Canary Islands,ES,1663214310,28.0,-15.5,66.16,78,40,13.8
472,Mundo Nuevo (Ojo de Agua),MX,1663214310,18.7,-95.5,78.48,84,22,10.45
473,Easton,US,1663214310,40.6884,-75.2207,68.16,81,11,2.62
474,Whyalla,AU,1663214311,-33.0333,137.5833,69.69,28,75,26.46
475,Hambantota,LK,1663214311,6.1241,81.1185,82.74,83,75,12.66
476,Challapata,BO,1663214311,-18.9,-66.7667,40.66,28,18,1.12
477,Aksu,CN,1663214312,41.1231,80.2644,79.12,20,0,5.37
478,Manokwari,ID,1663214312,-0.8667,134.0833,83.62,66,98,7.45
479,Coos Bay,US,1663214312,43.3665,-124.2179,57.15,100,51,1.57
480,Ternate,ID,1663214313,0.8,127.4,82.83,73,92,6.46
481,Kyzyl-Suu,KG,1663214313,42.3414,78.0056,60.82,45,0,5.1
482,Mathathane,BW,1663214313,-22.2687,28.7495,55.56,78,0,7.29
483,Port Macquarie,AU,1663214314,-31.4333,152.9167,63.9,71,96,8.16
484,Hofn,IS,1663214314,64.2539,-15.2082,44.64,64,70,6.87
485,Makakilo City,US,1663214267,21.3469,-158.0858,84.56,59,46,7.81
486,Molango,MX,1663214314,20.7833,-98.7167,54.54,95,27,2.19
487,Itaueira,BR,1663214315,-7.6033,-43.0256,77.52,34,24,4.21
488,Boguchany,RU,1663214315,58.3814,97.4531,53.91,46,97,3.22
489,Kalas,IN,1663214315,18.1667,74.8,77.72,72,100,17.96
490,Taseyevo,RU,1663214316,57.2169,94.8978,53.46,48,9,3.76
491,Bekhtery,UA,1663214316,46.251,32.2927,69.37,80,100,16.28
492,Anaco,VE,1663214316,9.4389,-64.4728,74.25,86,98,7.02
493,Leirvik,NO,1663214317,59.7798,5.5005,52.63,73,74,27.96
494,Puerto del Rosario,ES,1663214317,28.5004,-13.8627,73.15,78,40,8.05
495,Arrondissement d'Arcachon,FR,1663214317,44.5875,-1.0519,62.92,100,100,0.0
496,Petropavlovsk-Kamchatskiy,RU,1663214318,53.0452,158.6483,52.39,71,75,17.9
497,Prescott,US,1663214253,34.54,-112.4685,68.95,68,15,3.09
498,Baní,DO,1663214318,18.2833,-70.3333,76.44,80,99,10.87
499,Kushiro,JP,1663214319,42.975,144.3747,67.15,63,40,6.91
500,Williams Lake,CA,1663214319,52.1415,-122.1445,62.17,62,75,9.22
501,Vangaindrano,MG,1663214319,-23.35,47.6,66.92,91,64,4.14
502,Palmerston,AU,1663214090,-12.486,130.9833,95.04,56,20,13.8
503,Homer,US,1663214320,59.6425,-151.5483,52.77,88,33,3.67
504,Nuevo Laredo,MX,1663214320,27.4763,-99.5164,82.44,53,86,16.17
505,Abapó,BO,1663214320,-18.8333,-63.4667,56.08,62,100,2.98
506,Maceió,BR,1663214321,-9.6658,-35.7353,72.84,94,75,3.44
507,Muzhi,RU,1663214321,65.3667,64.6667,52.11,64,89,10.09
508,Gáldar,ES,1663214321,28.147,-15.6502,72.1,78,18,13.11
509,Bereda,ES,1663214322,43.2686,-7.5406,59.58,100,17,0.36
510,Chumikan,RU,1663214322,54.7183,135.315,56.86,44,70,5.32
511,Seoul,KR,1663214025,37.5683,126.9778,83.59,54,0,11.5
512,Baharly,TM,1663214323,38.4362,57.4316,79.12,34,8,1.54
513,San Fernando del Valle de Catamarca,AR,1663214323,-28.4696,-65.7852,65.07,28,0,17.13
514,Molde,NO,1663214323,62.7375,7.1591,51.71,93,75,18.41
515,Carauari,BR,1663214324,-4.8828,-66.8958,77.45,72,88,2.46
516,Westport,US,1663214262,41.1415,-73.3579,72.18,83,0,5.01
517,Izumo,JP,1663214108,35.3667,132.7667,84.09,74,75,14.97
518,Muriaé,BR,1663214125,-21.1306,-42.3664,69.51,81,54,6.35
519,Livingston,GB,1663214324,55.9029,-3.5226,49.28,78,25,3.4
520,Kamaishi,JP,1663214325,39.2667,141.8833,73.87,62,60,10.13
521,Panguna,PG,1663214325,-6.3164,155.4848,72.68,89,94,2.62
522,Umluj,SA,1663214325,25.0213,37.2685,82.99,51,6,11.99
523,São Luiz Gonzaga,BR,1663214326,-28.4083,-54.9608,49.06,94,2,6.87
524,Qaqortoq,GL,1663214326,60.7167,-46.0333,47.14,68,10,3.09
525,Chapais,CA,1663214326,49.7834,-74.8492,44.38,71,82,11.32
526,Robertsport,LR,1663214327,6.7533,-11.3686,76.28,87,100,9.06
527,Diffa,NE,1663214327,13.3154,12.6113,81.1,63,33,7.78
528,Sabla,NG,1663214327,12.7525,4.7077,78.82,79,96,6.58
529,Sabha,LY,1663214328,27.0377,14.4283,76.59,38,0,8.79
530,Alegrete,BR,1663214134,-29.7831,-55.7919,50.77,83,71,8.68
531,Codajás,BR,1663214328,-3.8367,-62.0569,78.66,61,86,2.3
532,Puerto Nariño,CO,1663214329,-3.7703,-70.3831,76.75,74,70,2.13
533,Boa Vista,BR,1663214324,2.8197,-60.6733,80.58,78,0,4.61
534,Pucara,PE,1663214329,-15.9803,-71.4606,30.33,14,4,0.74
535,Padang,ID,1663214329,-0.9492,100.3543,86.05,64,77,4.72
536,Chimbote,PE,1663214330,-9.0853,-78.5783,60.8,86,31,8.5
537,Port Moresby,PG,1663214330,-9.4431,147.1797,89.02,62,40,11.5
538,Zhalantun,CN,1663214331,48.0,122.7167,74.86,25,44,7.74
539,Taltal,CL,1663214331,-25.4,-70.4833,57.78,66,4,1.61
540,Lircay,PE,1663214331,-12.9896,-74.7205,49.73,84,91,3.78
541,Muaná,BR,1663214332,-1.5283,-49.2167,75.69,91,18,4.9
